trade_date,open,high,low,close,vol,amount,ma5,ma10,ma20,ma30,ma60
20190102,13.03,13.49,13.03,13.33,60386.61,80030.511,,,,,
20190103,13.2,13.21,12.2,12.26,53376.74,67585.418,,,,,
20190104,12.04,12.99,12.04,12.58,47077.49,58767.6,,,,,
20190107,13.0,13.0,12.6,12.69,39279.84,50144.324,,,,,
20190108,12.9,13.66,12.76,13.18,71189.91,94341.683,12.807999999999998,,,,
20190109,13.0,13.38,12.7,13.06,58429.65,76389.1,12.754,,,,
20190110,12.97,13.17,12.57,12.6,39726.86,50846.810999999994,12.821999999999997,,,,
20190111,12.65,12.85,12.44,12.51,30379.48,38179.864,12.807999999999998,,,,
20190114,12.36,12.78,12.36,12.42,22927.02,28836.306,12.754,,,,
20190115,12.42,12.99,12.05,12.96,39934.83,50279.447,12.709999999999997,12.759,,,
20190116,12.82,13.19,12.67,12.75,30983.51,39849.487,12.647999999999996,12.701,,,
20190117,12.64,13.08,12.5,12.91,34691.6,44626.600999999995,12.709999999999996,12.766000000000002,,,
20190118,12.91,13.05,12.34,12.43,33831.6,42596.872,12.693999999999996,12.751000000000001,,,
20190121,12.32,12.39,12.13,12.23,18655.61,22828.162,12.655999999999995,12.705000000000002,,,
20190122,12.22,12.93,12.13,12.53,37125.61,46303.833,12.569999999999995,12.64,,,
20190123,12.36,12.49,12.18,12.27,20508.27,25187.203999999998,12.473999999999995,12.561000000000002,,,
20190124,12.35,12.7,12.22,12.3,20205.01,25064.29,12.351999999999995,12.531000000000002,,,
20190125,12.21,12.32,11.45,11.54,29662.01,35503.182,12.173999999999996,12.434000000000001,,,
20190128,11.76,11.76,11.4,11.67,17948.0,20803.09,12.061999999999994,12.359000000000002,,,
20190129,11.71,11.74,10.6,11.21,15170.22,16993.225,11.797999999999996,12.184000000000001,12.4715,,
20190130,11.08,11.49,10.9,10.9,14916.0,16705.455,11.523999999999997,11.999,12.349999999999998,,
20190131,11.04,11.18,10.08,10.3,20879.0,22313.083,11.123999999999999,11.738000000000003,12.251999999999999,,
20190201,10.79,11.15,10.4,11.09,21022.0,22884.943,11.033999999999999,11.604000000000003,12.177499999999997,,
20190211,10.97,11.49,10.96,11.38,16346.74,18416.157,10.975999999999999,11.519000000000002,12.111999999999997,,
20190212,11.54,11.55,11.24,11.46,14314.9,16385.634,11.026,11.412,12.025999999999996,,
20190213,11.7,11.82,11.51,11.8,18737.02,21877.897999999997,11.206000000000001,11.365,11.962999999999997,,
20190214,11.8,12.31,11.67,11.99,29483.01,35568.919,11.544000000000002,11.334,11.932499999999997,,
20190215,11.88,11.98,11.65,11.75,18631.0,22027.965,11.676000000000002,11.355,11.894499999999997,,
20190218,11.75,12.13,11.75,12.11,19129.92,23043.055,11.822000000000001,11.399000000000001,11.878999999999998,,
20190219,12.24,12.39,11.89,12.07,25880.0,31543.232999999997,11.944,11.485,11.834499999999997,12.142666666666665,
20190220,12.19,12.54,12.12,12.36,26857.29,33126.805,12.056000000000003,11.630999999999998,11.814999999999998,12.110333333333333,
20190221,12.45,12.96,12.22,12.3,35397.09,44198.973,12.118000000000002,11.831,11.784499999999998,12.111666666666668,
20190222,12.29,12.83,12.08,12.77,43166.87,54216.324,12.322000000000003,11.998999999999999,11.801499999999999,12.118,
20190225,12.82,13.35,12.71,13.27,62086.48,81009.338,12.554000000000002,12.187999999999999,11.8535,12.137333333333334,
20190226,13.19,13.9,12.79,13.43,68319.76,91258.965,12.826000000000004,12.385,11.8985,12.145666666666667,
20190227,13.25,13.56,13.01,13.3,46089.65,61090.314000000006,13.014000000000005,12.535,11.95,12.153666666666668,
20190228,13.28,13.28,12.84,12.96,29423.56,38361.693999999996,13.146000000000006,12.632000000000001,11.983,12.165666666666665,
20190301,12.96,13.15,12.96,13.09,19570.63,25547.599,13.210000000000008,12.766,12.060500000000001,12.184999999999999,
20190304,13.18,13.42,13.07,13.2,35744.96,47362.128,13.196000000000009,12.875,12.137,12.210999999999997,
20190305,13.26,14.42,13.09,14.03,51904.75,70661.995,13.316000000000008,13.071000000000002,12.277999999999999,12.246666666666664,
20190306,13.96,14.16,13.44,13.9,61847.2,85001.123,13.43600000000001,13.225,12.427999999999999,12.284999999999997,
20190307,13.82,14.17,13.63,13.91,49007.4,68112.936,13.62600000000001,13.386,12.608499999999998,12.31833333333333,
20190308,13.57,13.77,12.68,12.74,37206.95,49516.484000000004,13.556000000000008,13.383,12.690999999999999,12.328666666666663,
20190311,12.85,14.01,12.85,14.01,58809.42,80392.072,13.718000000000009,13.456999999999997,12.8225,12.387999999999996,
20190312,14.46,14.62,13.91,14.14,81546.98,115912.68800000001,13.740000000000009,13.527999999999997,12.9565,12.441666666666663,
20190313,14.36,14.98,14.18,14.55,68553.44,100001.299,13.870000000000008,13.652999999999997,13.094,12.517666666666663,
20190314,14.2,14.35,13.13,13.47,44716.45,61016.483,13.782000000000007,13.703999999999997,13.168000000000001,12.556666666666665,
20190315,13.53,13.99,13.42,13.91,32647.71,44953.755999999994,14.016000000000009,13.785999999999996,13.276000000000002,12.635666666666664,
20190318,14.0,14.56,13.72,14.45,47071.08,67139.832,14.104000000000008,13.910999999999996,13.393,12.72833333333333,
20190319,14.96,15.46,14.07,14.21,53902.59,78704.285,14.11800000000001,13.928999999999997,13.5,12.82833333333333,
20190320,14.26,14.6,13.71,14.38,43725.56,61951.413,14.084000000000009,13.976999999999995,13.600999999999999,12.944333333333331,
20190321,14.29,14.63,14.12,14.32,44280.01,63957.518,14.254000000000008,14.017999999999995,13.701999999999998,13.07833333333333,
20190322,14.4,15.0,14.15,15.0,54387.33,79511.936,14.472000000000008,14.243999999999994,13.8135,13.208666666666664,
20190325,14.96,15.28,14.57,14.6,47237.01,69971.727,14.502000000000006,14.302999999999994,13.88,13.315999999999999,
20190326,14.53,14.9,13.88,14.04,36557.37,52482.78400000001,14.468000000000007,14.292999999999996,13.910500000000003,13.402,
20190327,14.18,14.24,13.47,13.69,24229.25,33283.462999999996,14.330000000000007,14.206999999999994,13.930000000000001,13.465,
20190328,13.5,13.78,13.03,13.25,22106.88,29627.255,14.116000000000009,14.184999999999993,13.944500000000001,13.507,
20190329,13.23,13.64,13.11,13.63,20842.55,27950.721,13.842000000000008,14.156999999999993,13.971500000000002,13.569666666666667,
20190401,13.6,14.2,13.5,14.16,24499.64,34206.024,13.754000000000008,14.127999999999995,14.019500000000004,13.638,
20190402,14.3,14.53,14.06,14.34,30252.28,43421.880999999994,13.81400000000001,14.140999999999995,14.035000000000005,13.713666666666665,12.928166666666666
20190403,14.4,14.48,14.13,14.38,24054.61,34515.612,13.952000000000009,14.140999999999995,14.059000000000006,13.780999999999999,12.945666666666664
20190404,14.54,14.55,14.17,14.33,22839.8,32611.416,14.16800000000001,14.141999999999996,14.080000000000004,13.848666666666665,12.980166666666666
20190408,14.37,14.51,13.75,13.95,21542.67,30399.035,14.23200000000001,14.036999999999995,14.140500000000003,13.887999999999998,13.002999999999998
20190409,13.95,15.19,13.89,14.64,68768.78,101594.115,14.328000000000012,14.040999999999993,14.172000000000002,13.933666666666664,13.035499999999997
20190410,14.38,14.56,14.16,14.3,36439.53,52204.392,14.320000000000011,14.066999999999997,14.180000000000003,13.962666666666665,13.054166666666665
20190411,14.3,14.42,13.68,13.73,24763.11,34748.383,14.190000000000012,14.070999999999994,14.139000000000005,13.976999999999999,13.065333333333333
20190412,13.73,14.0,13.6,13.78,16191.16,22351.218999999997,14.080000000000013,14.123999999999995,14.154500000000002,14.004333333333332,13.084999999999999
20190415,13.99,14.16,13.75,13.79,14519.0,20245.142,14.04800000000001,14.139999999999995,14.148500000000002,14.027666666666667,13.106333333333332
20190416,13.71,13.89,13.33,13.81,17219.0,23429.139,13.88200000000001,14.104999999999995,14.116500000000002,14.048,13.129499999999998
20190417,13.88,14.05,13.81,14.05,17245.99,24051.947,13.832000000000011,14.075999999999997,14.108500000000003,14.048666666666668,13.147666666666662
20190418,14.05,14.2,13.8,13.88,16851.0,23478.012000000002,13.862000000000009,14.025999999999996,14.083500000000004,14.048000000000002,13.166499999999996
20190419,13.99,14.0,13.8,14.0,13097.0,18248.468,13.90600000000001,13.992999999999995,14.067500000000004,14.051,13.184666666666663
20190422,14.02,14.28,13.95,14.02,25575.56,36053.581,13.952000000000009,13.999999999999996,14.018500000000003,14.093666666666667,13.211166666666664
20190423,14.09,14.09,13.68,13.74,20528.0,28486.51,13.938000000000008,13.909999999999997,13.975500000000002,14.084666666666667,13.23633333333333
20190424,13.74,14.27,13.58,14.23,17504.35,24389.077999999998,13.974000000000009,13.902999999999995,13.985000000000003,14.087666666666669,13.264666666666665
20190425,14.19,14.19,13.35,13.4,19340.15,26585.488999999998,13.87800000000001,13.869999999999996,13.970500000000001,14.049333333333333,13.283499999999998
20190426,13.4,13.41,13.0,13.03,14186.6,18686.75,13.684000000000012,13.794999999999996,13.9595,14.034666666666665,13.295666666666666
20190429,13.1,13.1,12.0,12.17,17243.29,21241.238999999998,13.314000000000012,13.632999999999996,13.886500000000002,13.976666666666665,13.306166666666664
20190430,12.3,12.53,12.02,12.24,11378.31,14003.493,13.014000000000014,13.475999999999996,13.7905,13.902999999999999,13.315666666666665
20190506,11.81,11.81,11.02,11.02,18996.03,21411.847,12.37200000000001,13.172999999999996,13.624500000000001,13.796666666666665,13.312499999999998
20190507,11.02,11.4,10.74,11.2,12304.22,13694.3,11.932000000000013,12.904999999999996,13.4655,13.690666666666665,13.317499999999999
20190508,11.05,11.35,11.0,11.18,11453.0,12844.426000000001,11.562000000000012,12.622999999999996,13.308000000000002,13.586,13.332166666666666
20190509,11.11,11.68,10.89,11.15,8678.02,9758.857,11.358000000000013,12.335999999999997,13.168000000000001,13.457666666666665,13.333166666666665
20190510,11.4,11.54,10.89,11.49,10373.38,11794.389,11.20800000000001,12.110999999999997,13.010500000000002,13.353999999999997,13.334999999999999
20190513,11.45,11.81,11.34,11.72,11438.08,13269.402,11.348000000000013,11.859999999999998,12.881500000000003,13.276666666666666,13.339333333333332
20190514,11.66,11.82,11.38,11.6,9083.29,10571.707,11.428000000000011,11.679999999999998,12.775000000000004,13.206999999999999,13.336
20190515,11.92,11.96,11.63,11.92,8888.09,10539.743,11.576000000000011,11.568999999999997,12.682000000000004,13.162666666666667,13.334833333333332
20190516,11.92,12.2,11.65,12.02,9761.15,11736.212,11.750000000000012,11.553999999999997,12.593500000000004,13.109,13.339333333333332
20190517,12.28,12.28,11.54,11.61,11681.0,13951.383999999998,11.774000000000013,11.490999999999996,12.483500000000003,13.024,13.330999999999998
20190520,11.86,11.99,11.3,11.93,8721.24,10267.779,11.816000000000013,11.581999999999997,12.377500000000003,12.943666666666667,13.328666666666663
20190521,11.95,12.28,11.8,11.92,9690.35,11672.851999999999,11.880000000000013,11.653999999999998,12.279500000000004,12.861666666666668,13.32133333333333
20190522,12.0,12.17,11.97,12.14,8583.06,10372.181,11.924000000000015,11.749999999999996,12.186500000000004,12.788666666666668,13.318666666666664
20190523,12.15,12.26,11.91,12.01,9723.94,11760.785,11.922000000000017,11.835999999999995,12.086000000000002,12.724,13.305999999999996
20190524,11.99,12.22,11.94,12.01,7621.07,9175.527,12.002000000000018,11.887999999999995,11.999500000000001,12.636333333333335,13.284999999999997
20190527,12.02,12.35,11.88,12.29,7426.35,9049.73,12.07400000000002,11.944999999999997,11.902500000000002,12.569333333333335,13.265999999999996
20190528,12.34,12.79,12.24,12.4,5633.42,6986.724,12.17000000000002,12.024999999999997,11.852500000000003,12.525,13.250999999999998
20190529,12.45,12.74,12.4,12.55,8727.86,10983.521999999999,12.252000000000018,12.087999999999997,11.828500000000002,12.484000000000002,13.244166666666663
20190530,12.56,12.7,12.36,12.66,8102.23,10165.466,12.382000000000017,12.152,11.853000000000003,12.446333333333335,13.236999999999995
20190531,12.62,13.15,12.62,12.96,9571.17,12277.935,12.572000000000019,12.286999999999999,11.889000000000003,12.418000000000001,13.232999999999995
20190603,12.96,13.16,12.74,13.07,8328.1,10812.045,12.72800000000002,12.401,11.991500000000002,12.385333333333334,13.216999999999995
20190604,13.08,14.24,13.08,13.72,34535.37,47441.575999999994,12.992000000000019,12.581,12.117500000000003,12.38,13.213999999999997
20190605,13.84,13.84,13.2,13.37,22759.41,30702.887000000002,13.15600000000002,12.703999999999997,12.227000000000002,12.359000000000002,13.204999999999997
20190606,13.37,13.41,12.44,12.79,13964.3,18023.956000000002,13.182000000000022,12.781999999999998,12.309000000000001,12.318000000000003,13.205833333333329
20190610,12.98,12.99,12.7,12.8,9722.01,12472.891000000001,13.150000000000023,12.860999999999999,12.374500000000001,12.286666666666669,13.185666666666663
20190611,12.81,14.08,12.69,14.08,32446.12,44098.597,13.352000000000022,13.040000000000001,12.4925,12.281666666666668,13.184666666666663
20190612,14.09,14.2,13.61,13.88,29903.21,41313.323,13.38400000000002,13.187999999999999,12.6065,12.297666666666668,13.173499999999997
20190613,13.88,14.26,13.6,14.14,29505.56,41168.176,13.53800000000002,13.346999999999998,12.717500000000003,12.334666666666669,13.184666666666663
20190614,14.0,14.03,13.4,13.41,16544.56,22756.923,13.662000000000017,13.421999999999997,12.787000000000003,12.376000000000003,13.17633333333333
20190617,13.42,13.77,13.29,13.55,6292.1,8515.026,13.812000000000017,13.480999999999998,12.884,12.41966666666667,13.161333333333328
20190618,13.52,13.53,13.13,13.28,6982.55,9289.285,13.652000000000019,13.501999999999999,12.9515,12.495000000000003,13.145833333333327
20190619,13.5,13.93,13.33,13.63,14504.83,19923.328999999998,13.602000000000018,13.492999999999999,13.036999999999997,12.576000000000002,13.133333333333328
20190620,13.59,13.83,13.49,13.62,10229.12,13966.38,13.498000000000019,13.517999999999997,13.110999999999999,12.657333333333336,13.12166666666666
20190621,14.13,14.13,13.64,13.81,16815.0,23308.432,13.57800000000002,13.62,13.200999999999999,12.746000000000004,13.101833333333326
20190624,13.69,13.98,13.5,13.86,10590.6,14534.766000000001,13.64000000000002,13.725999999999999,13.2935,12.825000000000005,13.089499999999992
20190625,13.87,13.87,13.56,13.6,7266.28,9911.148000000001,13.704000000000018,13.677999999999997,13.359,12.88766666666667,13.08216666666666
20190626,13.66,13.69,13.01,13.42,7371.62,9943.765,13.66200000000002,13.631999999999996,13.410000000000002,12.948333333333336,13.077666666666659
20190627,13.35,13.73,13.35,13.62,12726.25,17308.88,13.66200000000002,13.579999999999995,13.463500000000002,13.005000000000003,13.083833333333326
20190628,13.74,13.98,13.52,13.74,12770.73,17575.402,13.64800000000002,13.612999999999996,13.517500000000002,13.062333333333337,13.08566666666666
20190701,14.0,14.01,13.7,13.89,14451.0,20054.102,13.65400000000002,13.646999999999997,13.564000000000002,13.138333333333337,13.08116666666666
20190702,13.88,13.92,13.78,13.92,8901.0,12342.877,13.718000000000021,13.710999999999995,13.606500000000002,13.20466666666667,13.074166666666658
20190703,13.96,13.96,13.6,13.84,5902.77,8139.83,13.802000000000021,13.731999999999996,13.6125,13.268666666666668,13.06516666666666
20190704,13.66,13.94,13.42,13.65,6790.86,9286.008,13.808000000000021,13.734999999999996,13.626499999999998,13.319,13.053833333333325
20190705,13.7,13.79,13.5,13.6,4540.26,6210.026999999999,13.78000000000002,13.713999999999995,13.666999999999998,13.372000000000003,13.047999999999991
20190708,13.63,13.63,12.59,12.61,11148.0,14382.562,13.52400000000002,13.588999999999993,13.657499999999999,13.392000000000003,13.014166666666657
20190709,12.71,13.2,12.66,12.99,6467.01,8326.215,13.338000000000019,13.527999999999995,13.603,13.415333333333336,12.992333333333326
20190710,12.82,14.28,12.82,13.35,11357.6,15316.184,13.240000000000018,13.520999999999995,13.576500000000001,13.447000000000005,12.985999999999992
20190711,13.38,13.56,13.25,13.27,5394.61,7206.451999999999,13.164000000000016,13.485999999999995,13.533000000000001,13.471000000000004,12.977499999999992
20190712,13.1,13.42,13.1,13.28,3217.6,4266.89,13.100000000000017,13.439999999999994,13.526499999999999,13.491666666666669,12.968999999999992
20190715,13.2,13.5,13.08,13.38,5474.54,7327.340999999999,13.254000000000016,13.388999999999992,13.517999999999997,13.505666666666668,12.961833333333326
20190716,13.68,13.68,13.23,13.49,4176.37,5600.798000000001,13.354000000000017,13.345999999999995,13.5285,13.51966666666667,12.952499999999993
20190717,13.56,13.69,13.33,13.33,3694.0,4959.477,13.350000000000017,13.294999999999996,13.513499999999999,13.506666666666668,12.943333333333328
20190718,13.06,13.63,13.04,13.3,8991.0,12081.075,13.356000000000018,13.259999999999996,13.497499999999999,13.504333333333335,12.931666666666661
20190719,13.3,13.6,13.24,13.43,4424.0,5949.509,13.386000000000019,13.242999999999999,13.4785,13.525666666666668,12.921833333333327
20190722,13.64,13.64,12.89,13.07,6927.09,9102.46,13.324000000000018,13.288999999999998,13.438999999999998,13.534666666666668,12.91066666666666
20190723,12.92,13.27,12.92,13.15,2839.02,3736.3259999999996,13.25600000000002,13.304999999999998,13.416499999999996,13.503666666666668,12.89266666666666
20190724,13.05,13.39,13.05,13.34,2948.0,3928.382,13.25800000000002,13.303999999999998,13.412499999999994,13.485666666666667,12.89166666666666
20190725,13.5,13.5,13.28,13.36,5083.73,6797.3009999999995,13.270000000000021,13.312999999999997,13.399499999999994,13.459666666666667,12.897166666666662
20190726,13.67,13.67,13.28,13.38,2520.0,3378.41,13.26000000000002,13.322999999999997,13.381499999999994,13.458666666666666,12.917333333333328
20190729,13.38,13.46,13.31,13.35,2642.45,3538.051,13.31600000000002,13.319999999999997,13.354499999999996,13.452,12.93583333333333
20190730,13.34,13.61,13.16,13.6,5073.69,6824.181,13.406000000000017,13.330999999999994,13.338499999999996,13.462666666666669,12.97883333333333
20190731,13.7,13.7,13.22,13.22,4297.01,5727.314,13.382000000000016,13.319999999999993,13.3075,13.449000000000003,13.012499999999996
20190801,13.38,13.38,13.08,13.08,3712.0,4899.471,13.326000000000016,13.297999999999993,13.279,13.431000000000003,13.044166666666664
20190802,12.81,13.22,12.65,12.9,4646.0,6009.1630000000005,13.230000000000018,13.244999999999994,13.243999999999996,13.400666666666668,13.07333333333333
20190805,12.86,13.2,12.86,12.94,5751.75,7512.868,13.14800000000002,13.231999999999994,13.260499999999997,13.370000000000001,13.097499999999998
20190806,12.62,13.08,12.02,12.36,8942.0,11095.639,12.90000000000002,13.152999999999995,13.228999999999996,13.328666666666667,13.108166666666666
20190807,12.74,12.74,12.25,12.25,3460.23,4299.588,12.70600000000002,13.043999999999993,13.173999999999996,13.289666666666667,13.118999999999998
20190808,12.5,12.5,12.08,12.28,2948.0,3602.6620000000003,12.54600000000002,12.935999999999996,13.124499999999994,13.245,13.124999999999998
20190809,12.28,13.05,12.26,12.5,6134.41,7674.669,12.46600000000002,12.847999999999995,13.085499999999996,13.203666666666665,13.133
20190812,12.1,12.55,12.1,12.36,4057.22,4997.210999999999,12.350000000000023,12.748999999999999,13.034499999999998,13.152666666666667,13.145499999999998
20190813,12.22,12.5,12.22,12.49,4298.96,5343.905,12.376000000000023,12.638,12.984499999999997,13.104999999999999,13.154833333333332
20190814,12.52,12.73,12.47,12.54,4590.1,5768.275,12.43400000000002,12.569999999999999,12.944999999999999,13.061666666666667,13.165166666666666
20190815,12.48,12.7,12.21,12.58,5821.11,7292.473000000001,12.49400000000002,12.52,12.908999999999997,13.026000000000002,13.172500000000001
20190816,12.47,12.77,12.47,12.71,3399.11,4308.809,12.53600000000002,12.501,12.872999999999996,12.996333333333332,13.184166666666668
20190819,12.71,13.15,12.56,13.08,6599.44,8577.723,12.680000000000017,12.515,12.873499999999996,13.011999999999999,13.202000000000002
20190820,13.13,13.66,12.88,13.23,8155.67,10888.011,12.82800000000002,12.602,12.877499999999998,13.02,13.21766666666667
20190821,13.34,13.43,13.2,13.36,4866.0,6497.479,12.992000000000019,12.713,12.878499999999999,13.020333333333332,13.23366666666667
20190822,13.55,13.55,13.37,13.48,4111.58,5521.874,13.17200000000002,12.832999999999998,12.8845,13.027333333333333,13.249166666666671
20190823,13.55,13.58,13.31,13.48,6474.42,8715.065999999999,13.326000000000022,12.930999999999997,12.889500000000002,13.034,13.262833333333338
20190826,13.48,13.5,13.27,13.36,6192.46,8295.054,13.382000000000023,13.030999999999995,12.89,13.033333333333335,13.269500000000004
20190827,13.36,13.82,13.34,13.44,10255.46,13952.993,13.42400000000002,13.125999999999994,12.882,13.031666666666668,13.275666666666671
20190828,13.26,13.68,13.26,13.4,5586.46,7522.741999999999,13.432000000000022,13.211999999999994,12.890999999999996,13.034,13.270333333333337
20190829,13.41,13.57,13.3,13.3,3746.0,5021.56,13.39600000000002,13.283999999999995,12.901999999999997,13.034,13.26916666666667
20190830,13.38,13.54,12.95,13.17,6614.15,8721.315,13.334000000000021,13.329999999999993,12.9155,13.025333333333334,13.275500000000003
20190902,12.98,13.49,12.98,13.4,9087.23,12160.306999999999,13.342000000000022,13.361999999999991,12.9385,13.036333333333335,13.285500000000004
20190903,13.3,13.47,13.1,13.19,6110.6,8095.735,13.292000000000021,13.357999999999993,12.979999999999999,13.037666666666668,13.27066666666667
20190904,13.1,13.28,12.91,13.18,7201.0,9414.028,13.248000000000019,13.339999999999993,13.026499999999999,13.032333333333336,13.259000000000004
20190905,13.18,13.66,13.15,13.26,11926.01,15974.698,13.24000000000002,13.317999999999993,13.0755,13.029000000000002,13.244333333333337
20190906,13.3,13.69,13.21,13.61,16192.81,21877.099,13.32800000000002,13.330999999999992,13.131,13.036666666666669,13.247666666666671
20190909,13.8,13.96,13.64,13.91,17201.48,23729.156000000003,13.430000000000017,13.38599999999999,13.2085,13.055333333333335,13.253666666666671
20190910,13.97,14.15,13.85,13.97,10277.0,14347.954,13.586000000000018,13.43899999999999,13.282500000000002,13.06766666666667,13.265166666666671
20190911,13.97,14.49,13.85,14.05,17090.26,24200.693,13.76000000000002,13.50399999999999,13.358,13.095333333333336,13.27216666666667
20190912,14.08,14.17,13.85,14.09,9123.17,12804.158000000001,13.92600000000002,13.58299999999999,13.4335,13.129000000000001,13.280000000000005
20190916,14.09,14.35,13.96,14.17,14104.42,20032.541,14.03800000000002,13.68299999999999,13.506500000000003,13.171333333333337,13.286000000000005
20190917,14.34,14.34,13.9,14.03,10114.56,14179.427,14.06200000000002,13.74599999999999,13.554000000000002,13.20766666666667,13.288833333333338
20190918,14.07,14.35,13.97,14.31,11059.77,15650.983999999999,14.13000000000002,13.85799999999999,13.608,13.27266666666667,13.30066666666667
20190919,14.35,14.36,14.11,14.25,11045.32,15682.63,14.170000000000021,13.96499999999999,13.6525,13.339333333333336,13.314500000000004
20190920,14.36,14.36,14.11,14.29,9473.0,13500.752,14.210000000000019,14.067999999999989,13.693000000000001,13.406333333333338,13.32566666666667
20190923,14.17,14.62,14.15,14.52,15072.55,21728.101000000002,14.280000000000019,14.158999999999992,13.745,13.47366666666667,13.33866666666667
20190924,14.52,15.14,14.48,15.06,25233.0,37448.37,14.486000000000018,14.273999999999992,13.829999999999998,13.56366666666667,13.35816666666667
20190925,15.11,15.27,14.65,14.71,26940.72,40413.778,14.56600000000002,14.347999999999994,13.893499999999998,13.637666666666668,13.371333333333336
20190926,14.79,14.86,14.06,14.2,15799.13,22745.71,14.55600000000002,14.36299999999999,13.933499999999999,13.693000000000001,13.377333333333336
20190927,14.47,14.6,14.18,14.6,20067.4,28966.183999999997,14.618000000000018,14.41399999999999,13.998499999999998,13.760333333333335,13.393166666666671
20190930,14.63,14.63,14.26,14.37,13347.0,19206.174,14.588000000000019,14.433999999999992,14.058499999999999,13.815666666666669,13.406000000000004
20191008,14.38,14.48,14.07,14.2,23387.0,33411.794,14.41600000000002,14.45099999999999,14.098499999999998,13.853000000000003,13.432500000000005
20191009,14.2,14.94,14.13,14.88,17878.32,26061.171000000002,14.450000000000017,14.50799999999999,14.182999999999998,13.908000000000003,13.464000000000004
20191010,14.83,15.17,14.63,14.99,20500.0,30477.981,14.608000000000015,14.58199999999999,14.273499999999999,13.962333333333335,13.491333333333337
20191011,14.95,15.14,14.55,14.77,11759.0,17350.018,14.642000000000015,14.629999999999992,14.348999999999998,14.005333333333335,13.516333333333337
20191014,14.79,14.95,14.7,14.85,14837.02,21968.316000000003,14.738000000000014,14.662999999999991,14.410999999999998,14.051,13.542500000000006
20191015,14.99,14.99,14.51,14.7,8296.64,12169.587,14.838000000000013,14.62699999999999,14.450499999999996,14.095666666666666,13.564500000000006
20191016,14.88,14.88,14.21,14.49,11641.0,16869.71,14.760000000000014,14.60499999999999,14.476499999999996,14.130666666666666,13.581166666666672
20191017,14.49,14.49,14.12,14.31,12969.0,18523.136000000002,14.624000000000015,14.61599999999999,14.489499999999996,14.161000000000001,13.597500000000004
20191018,14.31,14.65,14.29,14.4,10863.62,15707.636999999999,14.550000000000017,14.595999999999993,14.504999999999995,14.197666666666667,13.615833333333338
20191021,14.66,14.67,14.15,14.67,8527.0,12319.016000000001,14.514000000000019,14.62599999999999,14.529999999999996,14.247666666666667,13.636500000000005
20191022,14.76,15.06,14.68,14.98,14144.0,21071.59,14.570000000000018,14.70399999999999,14.577499999999997,14.300333333333334,13.668333333333338
20191023,15.0,15.71,14.97,15.53,25162.0,38715.57,14.77800000000002,14.768999999999991,14.638499999999997,14.378333333333334,13.708000000000004
20191024,15.47,16.17,15.36,16.1,28005.3,44308.974,15.136000000000019,14.87999999999999,14.730999999999998,14.475666666666667,13.754000000000003
20191025,16.09,16.09,15.7,15.82,18074.26,28633.771,15.420000000000016,14.984999999999989,14.807499999999996,14.561000000000002,13.795000000000005
20191028,15.81,15.95,15.62,15.76,13655.1,21543.17,15.638000000000016,15.075999999999988,14.869499999999997,14.632666666666667,13.83466666666667
20191029,15.75,16.65,15.53,16.62,23871.28,38910.119,15.966000000000017,15.26799999999999,14.947499999999996,14.723,13.889166666666672
20191030,16.45,17.19,14.99,16.15,23336.17,37897.169,16.090000000000014,15.433999999999989,15.019499999999997,14.795666666666666,13.93166666666667
20191031,16.2,16.38,15.87,16.04,11852.0,19137.895,16.078000000000014,15.606999999999989,15.111499999999998,14.861999999999998,13.978666666666669
20191101,16.05,16.49,15.92,16.43,13949.1,22812.142000000003,16.200000000000017,15.809999999999988,15.202999999999998,14.94,14.034500000000001
20191104,16.44,17.17,16.42,17.0,19972.33,33957.777,16.448000000000015,16.04299999999999,15.334499999999997,15.034333333333333,14.102833333333335
20191105,16.85,17.48,16.85,17.09,14083.0,24171.549,16.542000000000016,16.25399999999999,15.478999999999996,15.136333333333333,14.172
20191106,17.3,17.3,16.82,16.98,10961.8,18661.618000000002,16.708000000000016,16.39899999999999,15.583999999999998,15.225333333333333,14.249
20191107,17.06,17.6,16.88,17.5,14574.9,25264.01,17.000000000000018,16.53899999999999,15.709499999999997,15.333666666666666,14.336500000000001
20191108,17.53,17.84,17.38,17.64,25268.4,44365.310999999994,17.24200000000002,16.720999999999993,15.852999999999998,15.445333333333332,14.425833333333335
20191111,17.89,17.97,17.45,17.78,18330.38,32485.917,17.398000000000017,16.922999999999995,15.999499999999994,15.554,14.513833333333334
20191112,17.78,18.97,17.53,18.97,24903.98,45744.254,17.77400000000002,17.157999999999994,16.212999999999997,15.684333333333335,14.624
20191113,19.0,19.0,18.42,18.58,23395.15,43642.382000000005,18.094000000000015,17.40099999999999,16.417499999999997,15.813333333333334,14.725500000000002
20191114,18.58,18.89,18.38,18.68,14108.54,26315.455,18.33000000000002,17.664999999999992,16.635999999999996,15.962666666666669,14.827833333333334
20191115,18.79,18.85,18.57,18.69,11255.34,21055.042,18.540000000000017,17.89099999999999,16.850499999999997,16.099,14.929666666666668
20191118,18.65,19.47,18.4,19.38,30056.55,56962.393,18.860000000000017,18.12899999999999,17.085999999999995,16.266000000000002,15.040833333333333
20191119,19.39,19.57,19.02,19.31,15004.86,28831.446,18.92800000000002,18.350999999999992,17.302499999999995,16.436333333333334,15.144666666666666
20191120,19.31,19.59,19.06,19.4,11671.42,22556.121,19.092000000000017,18.592999999999993,17.495999999999995,16.587,15.247499999999999
20191121,19.39,19.78,19.21,19.7,14196.32,27732.517999999996,19.296000000000014,18.81299999999999,17.675999999999995,16.744000000000003,15.353166666666665
20191122,19.72,19.97,19.4,19.7,15603.87,30748.166,19.498000000000015,19.018999999999988,17.869999999999994,16.90833333333334,15.456833333333332
20191125,19.7,20.07,19.51,20.03,22001.26,43812.16,19.628000000000018,19.24399999999999,18.083499999999994,17.081000000000003,15.565999999999999
20191126,20.03,20.49,19.92,20.47,21413.21,43581.935,19.860000000000017,19.393999999999988,18.275999999999993,17.273333333333333,15.684499999999998
20191127,20.47,21.24,19.51,19.95,48397.26,100198.63900000001,19.970000000000017,19.530999999999988,18.465999999999994,17.455333333333336,15.793
20191128,20.0,20.0,17.96,19.95,44301.51,86376.273,20.020000000000017,19.657999999999987,18.661499999999993,17.643333333333338,15.902166666666666
20191129,19.87,20.2,19.52,19.74,23024.78,45357.599,20.028000000000013,19.762999999999987,18.82699999999999,17.82133333333334,16.0095
20191202,19.85,19.95,19.25,19.76,13720.17,26921.563,19.974000000000014,19.800999999999988,18.964999999999993,17.991000000000007,16.119333333333334
20191203,19.75,19.94,19.5,19.77,12223.15,24111.486,19.834000000000014,19.846999999999987,19.098999999999993,18.150666666666673,16.2255
20191204,19.9,20.18,19.6,19.75,12832.79,25482.592999999997,19.794000000000015,19.881999999999987,19.23749999999999,18.29133333333334,16.334833333333332
20191205,19.75,20.0,19.62,19.85,8373.85,16599.766,19.774000000000015,19.896999999999988,19.354999999999993,18.41633333333334,16.446
20191206,19.83,19.85,19.45,19.85,13695.81,26914.461,19.796000000000017,19.91199999999999,19.465499999999995,18.550666666666675,16.555833333333336
20191209,19.84,20.37,19.72,20.24,14662.81,29406.096,19.892000000000017,19.93299999999999,19.588499999999993,18.700000000000006,16.666333333333334
20191210,20.44,20.5,19.8,20.0,15354.63,30671.661,19.938000000000017,19.88599999999999,19.639999999999993,18.812666666666676,16.767833333333336
20191211,19.98,20.2,19.63,19.73,12874.12,25526.154,19.93400000000002,19.86399999999999,19.697499999999994,18.93200000000001,16.863833333333336
20191212,19.75,20.3,19.75,20.25,34834.24,70055.171,20.014000000000017,19.89399999999999,19.775999999999993,19.072333333333344,16.96716666666667
20191213,20.24,20.54,19.93,20.5,17955.51,36530.702000000005,20.144000000000016,19.96999999999999,19.866499999999995,19.208000000000013,17.074000000000005
20191216,20.51,20.94,20.3,20.82,15581.1,32076.924,20.260000000000016,20.07599999999999,19.938499999999994,19.335333333333345,17.184833333333337
20191217,20.83,21.35,20.83,21.25,16586.82,35116.651,20.510000000000016,20.22399999999999,20.035499999999992,19.47400000000001,17.30516666666667
20191218,21.31,21.48,21.02,21.4,14312.15,30442.587000000003,20.844000000000015,20.38899999999999,20.135499999999993,19.621333333333343,17.42333333333334
20191219,21.44,21.86,21.26,21.83,16927.81,36463.138,21.160000000000014,20.586999999999993,20.241999999999994,19.76566666666668,17.54966666666667
20191220,21.83,22.77,21.76,22.7,24221.85,54202.724,21.600000000000012,20.871999999999993,20.391999999999992,19.93433333333335,17.68983333333334
20191223,22.85,22.85,22.05,22.2,27359.0,61158.306,21.876000000000012,21.06799999999999,20.500499999999995,20.081666666666685,17.81783333333334
20191224,22.2,22.78,22.05,22.72,16384.81,36785.712999999996,22.17000000000001,21.33999999999999,20.612999999999992,20.206666666666685,17.945500000000006
20191225,22.75,22.9,20.5,21.11,40730.13,88601.317,22.112000000000005,21.477999999999987,20.670999999999996,20.291000000000015,18.052166666666672
20191226,21.4,22.21,21.1,22.18,28883.84,63061.264,22.18200000000001,21.67099999999999,20.782499999999995,20.40766666666668,18.18516666666667
20191227,22.08,22.21,21.38,21.74,21467.75,46835.349,21.990000000000006,21.79499999999999,20.882499999999997,20.50933333333335,18.304166666666674
20191230,21.74,22.11,21.4,22.0,16162.0,35378.171,21.95000000000001,21.91299999999999,20.994499999999995,20.596666666666682,18.431333333333342
20191231,22.0,22.57,21.83,22.54,16076.34,35899.294,21.91400000000001,22.04199999999999,21.133,20.70433333333335,18.57033333333334
20200102,22.69,22.99,22.05,22.17,15922.56,35553.61,22.126000000000012,22.118999999999993,21.253999999999998,20.79666666666668,18.691833333333342
20200103,22.17,22.2,21.5,21.7,10350.68,22559.557999999997,22.030000000000012,22.105999999999987,21.3465,20.863333333333347,18.803666666666675
20200106,21.7,22.2,21.5,21.83,8483.25,18582.043999999998,22.048000000000016,22.018999999999988,21.445499999999996,20.93433333333335,18.92133333333334
20200107,21.82,22.04,21.63,21.83,5675.36,12378.706,22.014000000000017,21.98199999999999,21.524999999999995,20.99433333333335,19.037666666666674
20200108,21.8,21.88,21.35,21.41,8739.36,18848.517,21.788000000000018,21.85099999999999,21.595499999999994,21.02566666666668,19.149500000000007
20200109,21.45,21.93,21.37,21.62,9217.0,19904.805,21.67800000000002,21.901999999999987,21.689999999999994,21.081333333333347,19.268333333333338
20200110,21.74,21.94,21.36,21.75,9414.69,20443.227,21.68800000000002,21.858999999999988,21.764999999999993,21.141333333333346,19.39233333333334
20200113,21.75,22.02,21.42,21.89,8898.49,19326.997,21.70000000000002,21.873999999999985,21.834499999999995,21.21300000000001,19.517166666666675
20200114,21.9,22.28,21.7,22.01,7504.41,16533.198,21.736000000000022,21.874999999999982,21.893999999999995,21.28800000000001,19.639500000000005
20200115,22.22,22.37,22.03,22.28,9081.3,20184.372,21.910000000000018,21.848999999999982,21.945499999999992,21.371666666666677,19.76116666666667
20200116,22.48,22.8,22.3,22.7,13558.65,30720.842999999997,22.126000000000015,21.90199999999998,22.010499999999993,21.470000000000013,19.880666666666674
20200117,22.88,22.88,22.11,22.71,14464.71,32646.136000000002,22.31800000000002,22.002999999999982,22.054499999999994,21.565333333333346,19.99083333333334
20200120,22.71,22.71,22.05,22.16,12028.26,26736.021,22.372000000000018,22.035999999999984,22.027499999999996,21.642333333333344,20.09650000000001
20200121,22.16,22.32,21.27,21.58,12348.65,26700.918999999998,22.286000000000016,22.010999999999985,21.996499999999994,21.687000000000012,20.19350000000001
20200122,21.74,22.14,20.71,21.8,9918.22,21396.906000000003,22.190000000000015,22.049999999999986,21.950499999999995,21.74700000000001,20.279833333333343
20200123,21.72,21.96,20.0,21.07,15888.85,33452.714,21.86400000000001,21.994999999999983,21.948499999999992,21.79166666666668,20.36183333333334
20200203,19.91,19.91,18.96,18.96,6515.0,12488.367,21.11400000000001,21.715999999999987,21.78749999999999,21.74866666666668,20.41050000000001
20200204,18.68,19.8,17.11,18.77,23975.51,44510.062999999995,20.43600000000001,21.403999999999986,21.63899999999999,21.691000000000013,20.449500000000008
20200205,18.78,19.2,18.56,18.8,14559.69,27487.67,19.88000000000001,21.082999999999988,21.478999999999992,21.623666666666676,20.47950000000001
20200206,18.8,19.1,18.55,19.02,8666.0,16322.143999999998,19.32400000000001,20.756999999999987,21.30299999999999,21.54933333333334,20.511666666666674
20200207,19.16,19.16,18.73,18.95,5655.03,10662.33,18.900000000000013,20.381999999999987,21.14199999999999,21.467666666666677,20.54450000000001
20200210,18.95,19.08,18.7,18.9,5751.0,10854.413,18.888000000000012,20.000999999999987,21.00199999999999,21.370000000000008,20.567833333333343
20200211,19.0,20.79,18.9,20.79,20570.43,41072.943999999996,19.29200000000001,19.863999999999987,20.94999999999999,21.30633333333334,20.620333333333342
20200212,20.8,21.8,20.52,21.51,14553.27,30865.283,19.83400000000001,19.85699999999999,20.93399999999999,21.28333333333334,20.682500000000008
20200213,22.0,22.0,21.15,21.52,10635.4,22906.295,20.33400000000001,19.828999999999986,20.93949999999999,21.243333333333336,20.72500000000001
20200214,21.98,22.78,21.86,22.18,14038.52,31186.272,20.98000000000001,19.93999999999999,20.967499999999987,21.279,20.78500000000001
20200217,22.38,22.38,21.65,22.06,8016.27,17643.77,21.612000000000013,20.24999999999999,20.982999999999986,21.275,20.841333333333342
20200218,22.06,22.36,21.81,21.92,7511.94,16522.925,21.838000000000015,20.56499999999999,20.98449999999999,21.281,20.895166666666675
20200219,22.09,22.2,21.6,21.87,6770.0,14767.159,21.910000000000018,20.87199999999999,20.97749999999999,21.276666666666664,20.93666666666667
20200220,21.87,22.1,21.62,21.83,6710.0,14673.226999999999,21.972000000000016,21.152999999999988,20.95499999999999,21.253,20.978666666666673
20200221,21.85,22.0,21.72,21.85,8595.0,18781.843,21.906000000000017,21.44299999999999,20.91249999999999,21.242333333333338,21.0195
20200224,21.88,22.2,21.85,22.1,11555.73,25458.382,21.914000000000016,21.762999999999987,20.881999999999994,21.25566666666667,21.0595
20200225,21.99,22.0,21.11,21.7,12908.72,27779.074,21.87000000000001,21.85399999999999,20.85899999999999,21.251333333333335,21.09283333333333
20200226,21.47,21.99,21.11,21.34,12342.02,26571.647999999997,21.76400000000001,21.83699999999999,20.84699999999999,21.235000000000003,21.114666666666665
20200227,21.34,21.69,21.34,21.5,7090.0,15239.257,21.69800000000001,21.834999999999987,20.83199999999999,21.238000000000003,21.13183333333333
20200228,21.0,21.26,19.8,20.05,11721.69,23992.944,21.33800000000001,21.62199999999999,20.78099999999999,21.18566666666667,21.133499999999994
20200302,20.0,20.64,19.74,20.21,6882.0,13840.553,20.960000000000015,21.43699999999999,20.84349999999999,21.134333333333338,21.13783333333333
20200303,20.25,20.55,20.05,20.17,7172.51,14528.145,20.654000000000014,21.26199999999999,20.913499999999992,21.077,21.144999999999996
20200304,20.1,20.29,19.8,20.02,4965.9,9941.714,20.39000000000001,21.07699999999999,20.974499999999992,21.01066666666667,21.14933333333333
20200305,20.1,21.48,19.96,21.45,10039.84,20580.703,20.380000000000013,21.038999999999987,21.095999999999993,20.983000000000004,21.17733333333333
20200306,21.14,21.96,20.7,21.0,12877.72,27489.583,20.570000000000014,20.953999999999986,21.198499999999992,20.926333333333336,21.198166666666665
20200309,20.98,20.98,20.0,20.27,8660.1,17535.512,20.58200000000001,20.77099999999999,21.266999999999992,20.845000000000002,21.205166666666667
20200310,19.68,20.65,19.41,20.3,7854.69,15878.237,20.60800000000001,20.630999999999993,21.242499999999993,20.783,21.212666666666667
20200311,20.31,20.61,20.0,20.0,6126.0,12347.941,20.60400000000001,20.496999999999993,21.166999999999994,20.73033333333333,21.208666666666666
20200312,19.7,19.97,19.3,19.69,6465.0,12687.899,20.25200000000001,20.315999999999992,21.075499999999995,20.660000000000004,21.203500000000002
20200313,18.99,19.78,17.9,19.33,7996.23,15214.481000000002,19.91800000000001,20.24399999999999,20.932999999999993,20.602,21.196833333333334
20200316,19.75,19.87,18.82,18.97,10463.08,20201.411,19.65800000000001,20.119999999999987,20.778499999999994,20.602333333333334,21.1755
20200317,18.94,19.34,18.41,18.5,5950.0,11140.339,19.29800000000001,19.952999999999985,20.607499999999995,20.593333333333337,21.142166666666665
20200318,18.6,18.99,17.8,18.2,9272.0,17080.392,18.93800000000001,19.770999999999983,20.423999999999992,20.573333333333338,21.0985
20200319,18.2,18.56,17.41,17.79,9203.9,16417.67,18.55800000000001,19.404999999999983,20.221999999999994,20.532333333333337,21.040833333333335
20200320,18.0,18.15,17.66,17.84,8423.32,15018.64,18.260000000000012,19.088999999999984,20.021499999999993,20.49533333333334,20.981499999999997
20200323,18.0,18.4,16.91,17.48,16322.82,28594.786,17.96200000000001,18.80999999999998,19.79049999999999,20.448000000000004,20.909
20200324,17.75,17.75,16.5,17.11,10815.16,18380.235,17.68400000000001,18.49099999999998,19.560999999999993,20.32533333333334,20.81583333333333
20200325,17.18,17.5,16.89,17.33,11778.15,20285.833,17.510000000000012,18.22399999999998,19.360499999999995,20.18600000000001,20.734666666666662
20200326,17.48,18.49,17.0,18.23,18461.02,32836.131,17.598000000000013,18.077999999999978,19.196999999999996,20.076333333333345,20.659833333333328
20200327,18.55,18.58,17.5,17.5,11184.15,20121.596,17.530000000000012,17.894999999999975,19.069499999999994,19.920333333333346,20.599666666666664
20200330,17.33,17.33,15.8,16.8,16310.2,26842.357999999997,17.394000000000013,17.677999999999976,18.898999999999994,19.74500000000001,20.509999999999994
20200331,16.86,17.48,16.6,17.41,9812.5,16801.343,17.45400000000001,17.568999999999978,18.760999999999996,19.59466666666668,20.43783333333333
20200401,17.86,19.15,17.51,18.47,35441.57,64298.785,17.68200000000001,17.59599999999998,18.6835,19.481333333333346,20.378999999999998
20200402,17.8,17.98,17.13,17.36,24650.96,43151.003,17.50800000000001,17.552999999999976,18.479,19.332333333333345,20.292666666666662
20200403,17.36,17.44,16.35,16.48,17109.26,28708.981,17.30400000000001,17.416999999999977,18.253,19.153333333333347,20.197833333333328
20200407,16.7,16.98,16.41,16.84,12162.14,20391.243000000002,17.312000000000012,17.352999999999977,18.0815,18.978000000000012,20.116833333333325
20200408,16.91,16.92,16.3,16.66,6900.0,11509.04,17.162000000000013,17.307999999999975,17.8995,18.81000000000001,20.03066666666666
20200409,16.7,17.38,16.01,17.16,10063.0,17064.573,16.900000000000013,17.290999999999976,17.7575,18.670666666666673,19.95283333333333
20200410,17.22,17.46,16.5,16.63,10398.0,17529.98,16.754000000000012,17.130999999999975,17.6045,18.50833333333334,19.873166666666666
20200413,16.72,16.72,16.38,16.66,3907.01,6470.736999999999,16.79000000000001,17.046999999999976,17.471000000000004,18.39533333333334,19.7905
20200414,16.72,17.14,16.54,16.82,9781.76,16505.626,16.78600000000001,17.04899999999997,17.363500000000005,18.28233333333334,19.708333333333332
20200415,16.82,17.08,16.52,16.81,5731.95,9648.595,16.81600000000001,16.988999999999972,17.279000000000003,18.170333333333343,19.623666666666665
20200416,16.88,17.66,16.51,17.26,12789.87,21963.174,16.83600000000001,16.867999999999974,17.232000000000006,18.07833333333334,19.544499999999996
20200417,17.34,17.77,17.16,17.48,13105.18,22956.596,17.00600000000001,16.879999999999974,17.216500000000003,17.94600000000001,19.464499999999997
20200420,17.78,18.3,17.26,18.18,14489.46,25955.222,17.310000000000013,17.049999999999976,17.233500000000006,17.852000000000007,19.389166666666664
20200421,18.18,18.4,17.95,18.2,10136.0,18372.072,17.586000000000013,17.18599999999997,17.269500000000004,17.78300000000001,19.314
20200422,18.22,18.79,17.88,18.57,10987.0,20318.561999999998,17.93800000000001,17.376999999999974,17.342500000000005,17.725333333333346,19.254166666666663
20200423,18.87,19.15,18.31,18.75,11214.01,21092.903,18.23600000000001,17.535999999999973,17.413500000000006,17.683666666666678,19.206999999999997
20200424,19.01,19.08,18.52,18.61,8973.37,16838.418,18.46200000000001,17.733999999999973,17.432500000000005,17.647666666666677,19.15383333333333
20200427,18.62,19.4,18.5,18.95,10320.0,19542.92,18.616000000000007,17.962999999999973,17.505000000000003,17.63500000000001,19.118499999999997
20200428,18.91,19.2,18.0,18.9,9977.1,18680.751,18.756000000000007,18.170999999999975,17.610000000000003,17.632666666666676,19.1175
20200429,18.9,18.93,18.25,18.34,6458.28,11988.572,18.710000000000008,18.323999999999977,17.6565,17.627333333333343,19.110333333333333
20200430,18.5,18.79,18.25,18.28,11455.02,21189.121,18.616000000000007,18.425999999999977,17.647,17.630000000000006,19.101666666666667
20200506,18.01,18.3,17.72,18.15,8030.72,14407.348999999998,18.524000000000008,18.492999999999977,17.686499999999995,17.642000000000007,19.08716666666667
20200507,18.28,18.28,17.66,17.71,8506.02,15160.931,18.276000000000007,18.445999999999977,17.747999999999994,17.637666666666675,19.0665
20200508,17.69,18.88,17.69,18.58,11774.71,21658.986,18.212000000000007,18.48399999999998,17.834999999999994,17.67433333333334,19.061166666666665
20200511,18.76,18.79,18.27,18.54,12991.72,23975.447999999997,18.252000000000002,18.48099999999998,17.928999999999995,17.722000000000005,19.023666666666664
20200512,18.5,18.7,18.1,18.59,6254.03,11567.368,18.314000000000004,18.464999999999982,18.00049999999999,17.764000000000006,18.974999999999998
20200513,18.75,18.75,18.22,18.58,4130.0,7685.678000000001,18.400000000000006,18.46199999999998,18.097999999999992,17.775666666666673,18.925999999999995
20200514,18.62,18.65,18.06,18.11,6816.82,12494.06,18.480000000000008,18.37799999999998,18.17049999999999,17.796000000000006,18.85816666666666
20200515,18.35,18.35,18.01,18.11,4503.02,8144.974,18.386000000000006,18.29899999999998,18.234999999999992,17.839666666666677,18.792333333333325
20200518,18.11,18.18,17.74,18.0,5453.0,9786.369,18.27800000000001,18.26499999999998,18.294499999999992,17.859333333333343,18.72699999999999
20200519,18.0,18.04,17.77,17.86,2403.1,4298.592000000001,18.13200000000001,18.22299999999998,18.324499999999993,17.83900000000001,18.660166666666658
20200520,17.83,18.12,17.77,17.81,4330.0,7738.31,17.97800000000001,18.188999999999982,18.34099999999999,17.854000000000006,18.593166666666658
20200521,17.89,17.96,17.7,17.82,3430.02,6118.255999999999,17.92000000000001,18.19999999999998,18.32299999999999,17.898666666666674,18.525999999999993
20200522,17.92,17.98,17.4,17.5,6654.0,11762.09,17.79800000000001,18.091999999999977,18.28799999999999,17.920666666666673,18.449333333333325
20200525,17.5,17.56,16.88,16.99,6712.0,11483.97,17.596000000000007,17.93699999999998,18.208999999999993,17.931666666666676,18.370833333333326
20200526,16.99,17.38,16.72,17.0,8286.0,13982.764,17.424000000000007,17.77799999999998,18.12149999999999,17.926333333333343,18.298499999999994
20200527,17.0,17.6,16.88,17.37,8415.13,14597.332,17.336000000000006,17.656999999999982,18.059499999999993,17.95100000000001,18.22966666666666
20200528,17.76,17.76,17.2,17.4,5209.0,9081.35,17.25200000000001,17.585999999999984,17.981999999999992,17.975666666666676,18.185499999999994
20200529,17.5,18.48,17.28,18.24,10198.27,18289.316000000003,17.40000000000001,17.598999999999982,17.94899999999999,18.02300000000001,18.15266666666666
20200601,18.25,18.77,18.12,18.19,7759.7,14136.796,17.640000000000008,17.617999999999984,17.941499999999994,18.069000000000013,18.11966666666666
20200602,18.19,18.35,18.06,18.12,5822.0,10577.419,17.86400000000001,17.643999999999984,17.93349999999999,18.09766666666668,18.08799999999999
20200603,18.12,18.58,18.0,18.53,8366.82,15362.291000000001,18.09600000000001,17.715999999999983,17.952499999999993,18.13266666666668,18.039333333333325
20200604,18.88,19.18,18.3,18.75,16141.7,30374.012000000002,18.366000000000007,17.808999999999983,18.004499999999993,18.15166666666668,18.001833333333323
20200605,18.78,18.89,18.25,18.39,7630.5,14124.219,18.396000000000008,17.897999999999985,17.994999999999994,18.158000000000012,17.970499999999994
20200608,18.37,18.61,18.26,18.37,7149.87,13170.052,18.43200000000001,18.035999999999984,17.986499999999992,18.151333333333344,17.938333333333325
20200609,18.4,18.54,18.11,18.15,6212.61,11333.905,18.43800000000001,18.150999999999986,17.964499999999994,18.13133333333334,17.90749999999999
20200610,18.38,18.38,17.83,17.9,7945.01,14286.031,18.312000000000012,18.203999999999986,17.93049999999999,18.107666666666674,17.87766666666666
20200611,18.04,18.25,17.71,17.98,6835.0,12276.059,18.158000000000012,18.261999999999983,17.923999999999992,18.07533333333334,17.855166666666662
20200612,17.8,18.1,17.61,17.88,6197.0,11072.33,18.05600000000001,18.22599999999998,17.91249999999999,18.04133333333334,17.836999999999996
20200615,17.81,18.15,17.39,17.59,8693.0,15336.75,17.900000000000013,18.165999999999983,17.89199999999999,18.016333333333343,17.821833333333327
20200616,17.6,17.69,17.28,17.6,10066.05,17545.635,17.79000000000001,18.113999999999983,17.87899999999999,17.993666666666677,17.811833333333325
20200617,17.72,17.86,17.4,17.55,10558.0,18549.86,17.72000000000001,18.015999999999984,17.865999999999993,17.973666666666677,17.807833333333328
20200618,18.49,18.49,17.22,17.6,17645.5,30987.647999999997,17.64400000000001,17.900999999999982,17.854999999999993,17.97000000000001,17.803833333333326
20200619,17.02,17.5,17.02,17.4,10791.73,18675.636000000002,17.54800000000001,17.801999999999982,17.84999999999999,17.930666666666674,17.802499999999995
20200622,17.34,18.4,17.31,18.31,21332.83,38379.744,17.692000000000007,17.79599999999998,17.91599999999999,17.923000000000005,17.822499999999994
20200623,18.25,18.65,18.09,18.51,14235.6,26198.873,17.874000000000006,17.83199999999998,17.99149999999999,17.92033333333334,17.842166666666664
20200624,18.48,18.65,18.4,18.57,8268.94,15309.841999999999,18.078000000000007,17.89899999999998,18.05149999999999,17.920000000000005,17.847833333333327
20200629,18.56,18.56,17.93,18.05,11374.73,20655.929,18.168000000000006,17.90599999999998,18.083999999999993,17.918000000000003,17.856999999999992
20200630,18.37,18.37,17.7,17.94,9969.78,17944.884,18.276000000000003,17.91199999999998,18.068999999999992,17.912333333333336,17.875999999999994
20200701,18.06,18.15,17.6,17.68,8568.0,15234.478000000001,18.150000000000006,17.92099999999998,18.04349999999999,17.901666666666667,17.880499999999994
20200702,17.73,17.89,17.57,17.83,8833.0,15717.735,18.014000000000003,17.94399999999998,18.02899999999999,17.90066666666667,17.869833333333325
20200703,17.98,17.98,17.75,17.8,8444.77,15044.002,17.860000000000003,17.96899999999998,17.99249999999999,17.900333333333336,17.87716666666666
20200706,18.1,18.48,17.7,18.38,20842.64,37780.415,17.926000000000002,18.04699999999998,17.97399999999999,17.919,17.90883333333333
20200707,18.66,18.66,18.1,18.45,25507.24,46654.848,18.028000000000002,18.15199999999998,17.97699999999999,17.95066666666667,17.935666666666666
20200708,18.45,18.45,18.08,18.18,17977.39,32726.38,18.128000000000004,18.138999999999978,17.96749999999999,17.990333333333336,17.961
20200709,18.2,18.88,18.12,18.77,33529.62,61885.294,18.316000000000003,18.16499999999998,17.99849999999999,18.049333333333333,17.98783333333333
20200710,18.96,19.34,18.5,19.07,35414.14,67330.694,18.57,18.214999999999982,18.05699999999999,18.106,18.028499999999994
20200713,19.22,20.93,19.22,20.5,39444.49,79682.13,18.994000000000003,18.45999999999998,18.18299999999999,18.209333333333337,18.09249999999999
20200714,20.65,21.69,20.2,20.83,34966.68,73020.481,19.470000000000002,18.748999999999977,18.33049999999999,18.29566666666667,18.159333333333326
20200715,20.81,21.09,20.2,20.29,20161.7,41514.13,19.892000000000003,19.009999999999977,18.46549999999999,18.365666666666666,18.217333333333325
20200716,20.28,20.66,18.72,18.9,19890.0,39109.151,19.918000000000003,19.11699999999998,18.53049999999999,18.391666666666666,18.24466666666666
20200717,19.18,19.18,18.49,18.67,12220.0,22898.592999999997,19.838000000000005,19.20399999999998,18.58649999999999,18.396333333333335,18.264499999999995
20200720,18.72,19.14,18.72,18.96,9261.0,17483.701,19.53000000000001,19.26199999999998,18.654499999999988,18.403333333333332,18.277499999999993
20200721,19.13,19.2,18.89,18.96,7009.54,13322.524,19.15600000000001,19.31299999999998,18.732499999999987,18.422333333333334,18.29016666666666
20200722,19.04,19.24,18.73,19.24,8732.0,16612.057,18.94600000000001,19.418999999999983,18.77899999999999,18.451333333333334,18.30133333333333
20200723,19.15,19.78,18.5,19.63,13903.0,26541.757,19.092000000000006,19.50499999999998,18.834999999999987,18.50066666666667,18.315999999999995
20200724,19.63,20.24,18.5,18.9,17819.0,34692.286,19.13800000000001,19.487999999999982,18.851499999999987,18.534000000000002,18.320833333333333
20200727,18.9,19.1,18.55,18.58,8208.53,15405.103000000001,19.062000000000005,19.29599999999998,18.877999999999986,18.554000000000006,18.314666666666664
20200728,18.75,18.97,18.62,18.8,6304.26,11871.798999999999,19.03000000000001,19.092999999999982,18.920999999999985,18.58466666666667,18.312999999999995
20200729,18.9,19.8,18.75,19.28,8652.01,16589.072,19.038000000000007,18.991999999999983,19.000999999999983,18.641000000000002,18.328666666666663
20200730,19.37,19.37,19.08,19.27,6748.0,12967.877,18.966000000000008,19.028999999999986,19.072999999999986,18.696666666666665,18.345166666666664
20200731,19.34,19.45,18.91,19.2,9674.94,18524.018,19.02600000000001,19.081999999999983,19.142999999999983,18.75166666666667,18.362666666666662
20200803,19.2,19.8,19.2,19.54,11023.79,21406.622000000003,19.21800000000001,19.13999999999998,19.200999999999986,18.816333333333333,18.393166666666662
20200804,19.5,19.83,19.41,19.72,14028.34,27548.16,19.402000000000008,19.21599999999998,19.264499999999984,18.893666666666668,18.412166666666664
20200805,20.1,20.1,19.5,19.82,10911.54,21562.689,19.51000000000001,19.27399999999998,19.346499999999985,18.944000000000006,18.433499999999995
20200806,19.81,19.9,19.22,19.7,10244.0,20020.408,19.59600000000001,19.280999999999977,19.392999999999983,18.983666666666675,18.451999999999998
20200807,19.98,19.98,19.0,19.79,12615.0,24748.972999999998,19.714000000000006,19.369999999999976,19.428999999999984,19.024333333333338,18.472166666666666
20200810,19.81,20.33,19.6,20.06,14480.01,29083.666,19.818000000000005,19.51799999999998,19.406999999999986,19.09133333333334,18.504666666666665
20200811,20.06,20.14,19.46,19.67,11861.0,23429.537999999997,19.808000000000007,19.60499999999998,19.348999999999986,19.149,18.53066666666667
20200812,19.66,19.66,19.0,19.33,6257.6,12036.545,19.710000000000008,19.609999999999978,19.300999999999984,19.204000000000004,18.552833333333336
20200813,19.34,19.85,19.34,19.6,8797.0,17258.315,19.690000000000005,19.642999999999976,19.335999999999988,19.263,18.581833333333336
20200814,19.4,21.56,19.4,21.56,49027.8,103243.549,20.044000000000004,19.878999999999976,19.480499999999985,19.388333333333335,18.644333333333336
20200817,21.23,22.5,21.0,21.82,37410.18,81395.108,20.396000000000004,20.106999999999978,19.623499999999986,19.503000000000004,18.711000000000002
20200818,21.9,22.01,21.3,21.99,21908.23,47759.098,20.860000000000003,20.33399999999998,19.774999999999988,19.621000000000002,18.785833333333336
20200819,21.69,21.95,19.79,20.15,49697.08,102773.24,21.024000000000004,20.36699999999998,19.82049999999999,19.68666666666667,18.838500000000003
20200820,20.35,20.35,19.11,19.29,18962.0,37199.47,20.962000000000007,20.32599999999998,19.80349999999999,19.704000000000004,18.87666666666667
20200821,19.0,19.61,18.52,18.99,19465.83,36862.016,20.448000000000004,20.24599999999998,19.80799999999999,19.701333333333334,18.90366666666667
20200824,18.74,19.46,18.5,19.1,10508.84,20056.48,19.904000000000007,20.14999999999998,19.833999999999993,19.65466666666667,18.932000000000002
20200825,19.79,19.79,18.83,18.95,8862.12,16885.84,19.29600000000001,20.07799999999998,19.84149999999999,19.592000000000002,18.943833333333334
20200826,18.99,19.18,18.12,18.31,10626.6,19730.64,18.928000000000008,19.97599999999998,19.79299999999999,19.526000000000003,18.945833333333333
20200827,18.31,18.68,18.09,18.53,7458.84,13755.731000000002,18.77600000000001,19.868999999999982,19.75599999999999,19.51366666666667,18.95266666666667
20200828,18.59,18.87,18.5,18.63,10902.0,20326.289,18.70400000000001,19.575999999999983,19.72749999999999,19.512333333333338,18.954333333333338
20200831,19.78,19.78,18.13,18.61,10149.0,18967.395,18.606000000000012,19.254999999999985,19.68099999999999,19.50066666666667,18.952
20200901,18.6,18.89,18.41,18.6,9131.0,16993.917,18.53600000000001,18.915999999999983,19.62499999999999,19.48866666666667,18.955499999999997
20200902,18.8,18.8,18.17,18.3,12952.78,23741.992000000002,18.53400000000001,18.730999999999984,19.54899999999999,19.457333333333334,18.954333333333334
20200903,18.28,18.3,17.4,17.85,19225.17,34169.401,18.398000000000007,18.586999999999982,19.45649999999999,19.398000000000003,18.949333333333332
20200904,17.5,18.08,17.44,18.01,10711.0,19052.025,18.274000000000008,18.488999999999983,19.36749999999999,19.368333333333336,18.951166666666662
20200907,18.3,18.3,17.1,17.51,15305.59,27092.66,18.05400000000001,18.32999999999998,19.239999999999988,19.332666666666668,18.943333333333328
20200908,17.8,17.8,16.8,16.99,18807.01,32204.939,17.73200000000001,18.133999999999983,19.105999999999987,19.272333333333336,18.928499999999993
20200909,16.95,16.95,16.32,16.48,15042.0,25030.715,17.368000000000013,17.950999999999983,18.96349999999999,19.179000000000006,18.909999999999993
20200910,16.37,16.56,15.15,15.55,18978.59,29934.782000000003,16.90800000000001,17.652999999999984,18.76099999999999,19.055000000000003,18.87583333333333
20200911,15.39,16.24,15.02,16.07,14189.01,22377.45,16.520000000000007,17.396999999999984,18.48649999999999,18.95066666666667,18.85116666666666
20200914,16.72,16.72,15.6,16.12,10979.22,17678.936999999998,16.242000000000008,17.147999999999985,18.20149999999999,18.83666666666667,18.826499999999996
20200915,16.14,16.26,15.7,15.93,11224.3,17938.428,16.03000000000001,16.880999999999986,17.89849999999999,18.710333333333335,18.801999999999996
20200916,15.7,16.45,15.68,16.23,13866.73,22420.509,15.98000000000001,16.673999999999985,17.702499999999993,18.590666666666667,18.76733333333333
20200917,16.2,16.86,16.02,16.62,10737.09,17611.733,16.19400000000001,16.550999999999984,17.568999999999992,18.488,18.73583333333333
20200918,16.79,17.58,16.51,17.27,11772.27,20147.413,16.434000000000008,16.476999999999986,17.48299999999999,18.404,18.71416666666666
20200921,17.78,17.78,16.91,17.55,11080.32,19257.571,16.720000000000006,16.480999999999987,17.40549999999999,18.320333333333334,18.705833333333327
20200922,17.3,17.69,17.05,17.13,7704.09,13331.05,16.960000000000008,16.494999999999987,17.31449999999999,18.235666666666667,18.69233333333333
20200923,17.12,17.39,16.96,17.17,5689.02,9770.832,17.148000000000007,16.56399999999999,17.25749999999999,18.163666666666664,18.68383333333333
20200924,17.21,17.21,16.72,16.77,4860.0,8191.802,17.178000000000004,16.68599999999999,17.16949999999999,18.06933333333333,18.666166666666662
20200925,16.76,16.93,16.46,16.65,3475.3,5777.871,17.054000000000006,16.743999999999993,17.07049999999999,17.905666666666665,18.647
20200928,16.59,16.72,16.02,16.06,7782.0,12616.978000000001,16.756000000000007,16.737999999999992,16.942999999999987,17.71366666666666,18.60833333333333
20200929,16.27,16.76,15.95,16.4,12594.94,20554.093999999997,16.610000000000007,16.78499999999999,16.832999999999984,17.527333333333328,18.574166666666663
20200930,16.6,16.76,16.38,16.5,6244.02,10303.267,16.476000000000006,16.81199999999999,16.742999999999984,17.40566666666666,18.54616666666666
20201009,16.6,17.02,16.6,16.67,5740.01,9648.091,16.45600000000001,16.81699999999999,16.683999999999983,17.318333333333328,18.511166666666664
20201012,16.64,17.1,16.64,17.1,8014.01,13528.475,16.54600000000001,16.79999999999999,16.638499999999986,17.25533333333333,18.47833333333333
20201013,17.24,17.43,17.0,17.28,4944.01,8523.859,16.79000000000001,16.77299999999999,16.62699999999999,17.19466666666666,18.424666666666663
20201014,17.29,17.58,17.17,17.32,6935.0,12037.41,16.974000000000007,16.791999999999987,16.643499999999985,17.140333333333327,18.366166666666665
20201015,17.32,17.5,16.92,17.07,6883.0,11826.553,17.088000000000005,16.78199999999999,16.672999999999984,17.098999999999997,18.312499999999996
20201016,17.13,17.29,17.03,17.14,4792.0,8211.808,17.182000000000006,16.818999999999985,16.752499999999984,17.052666666666664,18.283166666666663
20201019,17.1,17.18,16.7,16.8,7336.0,12394.6,17.122000000000003,16.833999999999985,16.788999999999984,16.991666666666664,18.251999999999995
20201020,16.69,16.85,16.58,16.8,4047.97,6768.914000000001,17.026000000000003,16.907999999999987,16.822999999999986,16.931333333333328,18.215999999999994
20201021,16.92,16.92,16.42,16.75,5738.0,9560.238000000001,16.912,16.942999999999987,16.863999999999983,16.86966666666666,18.17916666666666
20201022,16.98,16.98,16.41,16.5,4767.02,7879.802,16.798000000000002,16.942999999999987,16.877499999999984,16.80966666666666,18.13349999999999
20201023,16.5,16.68,16.28,16.32,3597.0,5908.302,16.634,16.907999999999987,16.862499999999983,16.75866666666666,18.078333333333322
20201026,16.58,16.58,15.98,16.15,5083.84,8235.507,16.503999999999998,16.812999999999988,16.806499999999982,16.69666666666666,18.032499999999988
20201027,16.23,16.27,15.91,16.07,6002.43,9651.136999999999,16.358,16.691999999999986,16.73249999999998,16.64866666666666,17.990666666666655
20201028,16.07,16.26,15.82,15.94,5169.0,8247.796,16.196,16.553999999999988,16.67299999999998,16.613666666666663,17.94299999999999
20201029,15.92,16.8,15.61,16.26,8472.5,13729.068000000001,16.148000000000003,16.47299999999999,16.62749999999998,16.60633333333333,17.89266666666666
20201030,16.42,16.57,16.11,16.31,6462.12,10562.582,16.146000000000004,16.389999999999986,16.60449999999998,16.631666666666657,17.843333333333323
20201102,16.31,16.4,15.27,15.5,10960.0,17290.511000000002,16.016000000000002,16.259999999999984,16.546999999999983,16.612666666666662,17.781666666666656
20201103,15.5,15.69,15.29,15.51,8170.99,12602.11,15.904000000000002,16.130999999999982,16.519499999999983,16.59233333333333,17.71449999999999
20201104,15.53,16.49,15.2,15.79,12659.02,19955.368000000002,15.874,16.034999999999982,16.488999999999983,16.58766666666666,17.64899999999999
20201105,15.69,15.8,15.42,15.59,10341.15,16102.398000000001,15.74,15.943999999999983,16.443499999999982,16.566333333333326,17.578499999999988
20201106,15.65,15.66,15.27,15.55,5461.3,8433.221,15.588,15.866999999999985,16.38749999999998,16.530666666666658,17.50933333333332
20201109,15.57,15.78,15.44,15.69,8842.0,13822.419,15.626,15.820999999999984,16.316999999999982,16.47799999999999,17.44099999999999
20201110,15.61,16.1,15.48,15.99,8532.83,13432.097,15.721999999999998,15.812999999999985,16.25249999999998,16.42599999999999,17.373166666666656
20201111,15.99,16.76,15.64,16.49,14846.83,24108.578999999998,15.861999999999995,15.867999999999986,16.21099999999998,16.40466666666666,17.320166666666655
20201112,16.3,17.22,16.3,17.05,25833.0,43701.880999999994,16.153999999999993,15.946999999999989,16.209999999999983,16.40066666666666,17.282166666666658
20201113,17.23,18.18,17.07,18.13,38732.15,68799.338,16.669999999999995,16.128999999999987,16.25949999999998,16.44599999999999,17.25766666666666
20201116,18.13,18.62,17.72,18.33,22742.6,41415.446,17.197999999999993,16.41199999999999,16.33599999999998,16.501999999999992,17.203833333333325
20201117,18.21,18.51,18.0,18.41,17236.26,31519.99,17.681999999999995,16.70199999999999,16.41649999999998,16.580333333333325,17.146999999999995
20201118,18.34,18.74,18.11,18.6,16783.0,30996.105,18.103999999999992,16.98299999999999,16.508999999999983,16.65366666666666,17.090499999999995
20201119,18.86,18.86,18.33,18.55,9421.0,17457.518,18.403999999999993,17.27899999999999,16.611499999999985,16.72199999999999,17.063833333333328
20201120,18.6,18.6,18.12,18.27,11560.84,21141.757999999998,18.431999999999995,17.55099999999999,16.708999999999982,16.775333333333325,17.04683333333333
20201123,18.35,18.35,17.9,17.9,14620.15,26431.926,18.345999999999997,17.77199999999999,16.796499999999984,16.80199999999999,17.028666666666663
20201124,17.89,18.59,17.75,18.49,15759.01,28902.209,18.361999999999995,18.02199999999999,16.917499999999983,16.842333333333325,17.018499999999996
20201125,18.48,18.68,18.33,18.54,9245.0,17096.764,18.349999999999994,18.22699999999999,17.047499999999985,16.882999999999992,17.011666666666663
20201126,18.54,19.1,18.34,18.59,16182.5,30383.975,18.357999999999997,18.38099999999999,17.163999999999984,16.933666666666657,17.01633333333333
20201127,18.65,18.78,18.36,18.65,6935.04,12877.166000000001,18.433999999999994,18.43299999999999,17.280999999999985,16.98399999999999,17.01833333333333
20201130,18.65,18.65,17.81,17.83,10102.1,18322.828,18.419999999999995,18.382999999999992,17.397499999999983,17.018333333333327,17.005
20201201,17.83,18.15,17.71,18.03,9150.0,16456.016,18.327999999999996,18.34499999999999,17.523499999999984,17.059333333333328,16.99533333333333
20201202,18.11,18.17,17.72,17.89,5643.0,10097.929,18.197999999999997,18.273999999999994,17.62849999999998,17.097333333333328,16.9835
20201203,17.87,17.98,17.49,17.89,7912.15,13980.165,18.057999999999996,18.20799999999999,17.743499999999983,17.14366666666666,16.976666666666667
20201204,18.18,18.48,17.17,17.56,11527.15,20312.422,17.839999999999996,18.136999999999993,17.843999999999983,17.18499999999999,16.97183333333333
20201207,17.55,17.72,17.12,17.27,7409.45,12809.542,17.727999999999998,18.07399999999999,17.92299999999998,17.222333333333324,16.9595
20201208,17.23,17.23,17.05,17.08,3717.96,6368.319,17.537999999999997,17.932999999999993,17.97749999999998,17.25599999999999,16.952333333333332
20201209,17.13,17.52,17.01,17.04,5802.49,9979.69,17.368,17.782999999999994,18.00499999999998,17.292666666666655,16.953166666666664
20201210,17.0,17.58,16.66,17.44,7066.7,12224.881000000001,17.278,17.667999999999992,18.024499999999982,17.33199999999999,16.969166666666663
20201211,17.44,17.54,17.02,17.43,3748.0,6484.4169999999995,17.252,17.545999999999992,17.989499999999982,17.369333333333323,17.0005
20201214,17.43,17.53,16.95,17.05,8198.0,14035.365,17.208,17.467999999999996,17.925499999999982,17.42099999999999,17.01683333333333
20201215,16.51,16.9,15.35,15.35,35368.99,55119.947,16.862,17.199999999999996,17.772499999999983,17.415666666666656,17.003999999999998
20201216,13.82,14.84,13.82,13.82,29709.0,41081.91,16.218,16.792999999999996,17.533499999999982,17.34999999999999,16.968833333333333
20201217,13.03,14.95,12.6,14.58,47103.07,65288.425,15.646,16.461999999999996,17.33499999999998,17.316333333333326,16.941333333333333
20201218,14.9,15.43,13.58,13.79,34121.95,49148.974,14.918000000000001,16.084999999999994,17.110999999999983,17.25766666666666,16.894166666666667
20201221,14.28,14.28,12.8,13.49,24149.0,31842.041,14.206,15.706999999999994,16.89049999999998,17.184333333333324,16.831166666666665
20201222,13.29,13.53,12.91,12.97,15033.01,19842.74,13.73,15.295999999999992,16.614499999999985,17.08366666666666,16.754833333333334
20201223,12.94,13.75,12.56,13.32,17913.69,23693.157000000003,13.63,14.923999999999992,16.353499999999983,16.977999999999994,16.691333333333333
20201224,13.28,13.56,13.0,13.04,10030.0,13245.622,13.322,14.483999999999991,16.075999999999986,16.844333333333324,16.6225
20201225,13.38,13.38,12.6,13.17,11650.94,15370.5,13.198000000000002,14.05799999999999,15.801999999999987,16.67899999999999,16.5625
20201228,13.04,13.28,12.93,13.01,11261.0,14683.691,13.102000000000004,13.653999999999987,15.560999999999988,16.501666666666658,16.501833333333334
20201229,13.01,13.24,12.9,13.16,7463.0,9776.198,13.140000000000004,13.434999999999988,15.31749999999999,16.32666666666666,16.453500000000002
20201230,13.16,13.16,12.7,12.79,18328.49,23750.415,13.034000000000002,13.331999999999988,15.062499999999991,16.132999999999992,16.393333333333334
20201231,12.72,13.08,12.71,13.06,9611.22,12378.117,13.038000000000006,13.179999999999987,14.820999999999993,15.949999999999992,16.336
20210104,13.7,13.7,12.92,12.95,10146.73,13252.466999999999,12.994000000000005,13.095999999999986,14.590499999999992,15.772666666666659,16.274
20210105,12.95,13.09,12.73,12.92,9747.0,12551.764,12.976000000000004,13.038999999999984,14.372999999999994,15.60666666666666,16.204333333333334
20210106,12.94,12.94,12.15,12.31,15592.02,19343.019,12.806000000000006,12.972999999999985,14.134499999999994,15.40066666666666,16.1215
20210107,12.12,12.34,11.08,11.08,36868.82,42519.325999999994,12.464000000000006,12.748999999999986,13.836499999999992,15.151999999999992,16.0175
20210108,11.3,11.3,9.97,10.53,35896.33,37661.219,11.958000000000004,12.497999999999987,13.49099999999999,14.883333333333326,15.908499999999998
20210111,10.53,10.63,10.19,10.19,27001.95,27925.47,11.406000000000002,12.199999999999987,13.12899999999999,14.601333333333326,15.792666666666666
20210112,10.21,11.21,10.17,11.21,35231.98,38484.602,11.064000000000002,12.019999999999985,12.836999999999989,14.38066666666666,15.6995
20210113,11.37,11.98,10.77,11.7,38551.53,43585.03,10.942000000000002,11.873999999999986,12.654499999999988,14.16966666666666,15.614500000000001
20210114,11.58,11.58,11.17,11.22,18523.25,20952.553,10.970000000000002,11.716999999999988,12.524499999999989,13.947333333333328,15.522333333333336
20210115,11.32,11.8,11.15,11.77,13905.0,16030.685,11.218,11.587999999999989,12.383999999999988,13.743333333333329,15.443500000000002
